id_evento,id_origen,id_pick,red,estacion,loc,cha,fase,llegada_utc,llegada_us,correccion_s,residual_s,azimut,distancia,usada,peso,polaridad,snr,mag_estacion,tipo_mag_estacion,tiene_magnitud,mag_est_residuo,qc_estacion,est_lat,est_lon,est_elev,est_lugar,est_pais,base_datos
csn_sc62026tcqlp,NLL.20260929182622.877338.34057,20260929.182237.70-AIC-C1.A03F.05.HNZ,C1,A03F,05,HNZ,P,2026-09-29 18:22:37,705000,0.0,0.22041896993876264,243.43615863956904,2.7462339058451795,False,0.0,,13.20067531658718,4.135226020901541,MLv,Si,-0.17738979511399666,aprobado,-23.45322,-70.440582,146.0,053 Aeropuerto Andres Sabella,,seiscomp2
csn_sc62026tcqlp,NLL.20260929182622.877338.34057,Pick/20260929182559.8759.34025,C1,A06F,04,HNN,S,2026-09-29 18:22:54,614675,0.0,1.3490894045090727,266.08378111344507,1.7556044955485897,False,0.0,,,,,No,,sin_evaluar,-22.344185,-69.658089,1291.0,048 Tenencia Maria Elena,,seiscomp2
csn_sc62026tcqlp,NLL.20260929182622.877338.34057,Pick/20260929182559.875861.34024,C1,A06F,04,HNZ,P,2026-09-29 18:22:26,893201,0.0,0.6737328005051708,266.08378111344507,1.7556044955485897,True,0.867962676987756,,10.089592177730117,4.194783402724695,MLv,Si,-0.11783241329084326,aprobado,-22.344185,-69.658089,1291.0,048 Tenencia Maria Elena,,seiscomp2
csn_sc62026tcqlp,NLL.20260929182622.877338.34057,Pick/20260929182559.876956.34050,C1,A10F,05,HNZ,P,2026-09-29 18:22:52,222457,,,217.44740251931262,4.043819871917315,False,0.0,,,,,No,,sin_evaluar,-25.41106,-70.48425,38.0,058 1ra Comisaria Tal Tal,,seiscomp2
csn_sc62026tcqlp,NLL.20260929182622.877338.34057,20260929.182232.21-AIC-C1.A13F.04.HNZ,C1,A13F,04,HNZ,P,2026-09-29 18:22:32,210000,0.0,0.7604531496262652,273.49472270287464,2.256550723104429,False,0.0,,10.618031417499536,4.149009781165277,MLv,Si,-0.16360603485026104,aprobado,-22.086535,-70.195969,53.0,044 Estadio de Tocopilla,,seiscomp2
csn_sc62026tcqlp,NLL.20260929182622.877338.34057,20260929.182232.26-AIC-C1.A14F.04.HNZ,C1,A14F,04,HNZ,P,2026-09-29 18:22:32,260000,,,272.8425235268925,2.2606035188912363,False,0.0,,10.6798289937883,4.273667136494673,MLv,Si,-0.03894867952086489,aprobado,-22.093477,-70.200203,73.0,045 Estacionamiento Municipalidad de Tocopilla,,seiscomp2
csn_sc62026tcqlp,NLL.20260929182622.877338.34057,Pick/20260929182559.876194.34032,C1,A16F,04,HNZ,P,2026-09-29 18:22:32,76664,0.0,0.5117272218918885,272.93033538676957,2.2678626259222807,True,0.9864289076215783,,19.007127575445907,4.364253426318932,MLv,Si,0.05163761030339398,aprobado,-22.108166,-70.209854,67.0,046 Escuela Estados Unidos,,seiscomp2
csn_sc62026tcqlp,NLL.20260929182622.877338.34057,20260929.182301.68-AIC-C1.AC02..HHZ,C1,AC02,,HHZ,P,2026-09-29 18:23:01,680000,,,194.79876202809623,4.776094213114067,False,0.0,,23.97962439305307,,,No,,sin_evaluar,-26.835517,-69.129067,3980.0,Maricunga,,seiscomp2
csn_sc62026tcqlp,NLL.20260929182622.877338.34057,Pick/20260929182559.876916.34049,C1,AF02,,HHN,S,2026-09-29 18:23:38,236261,,,217.0889749663385,4.033669051762128,False,0.0,,,,,No,,sin_evaluar,-25.418768,-70.45536,257.5,Taltal,,seiscomp2
csn_sc62026tcqlp,NLL.20260929182622.877338.34057,Pick/20260929182559.876878.34048,C1,AF02,,HHZ,P,2026-09-29 18:22:51,802866,,,217.0889749663385,4.033669051762128,False,0.0,,,,,No,,sin_evaluar,-25.418768,-70.45536,257.5,Taltal,,seiscomp2
csn_sc62026tcqlp,NLL.20260929182622.877338.34057,20260929.182258.85-AIC-C1.AP01..HHZ,C1,AP01,,HHZ,P,2026-09-29 18:22:58,850001,0.0,-0.4847282773756945,327.6387328060729,4.558454503456081,False,0.0,,10.10555640721345,,,No,,sin_evaluar,-18.37084,-70.34197,31.0,Chacalluta,,seiscomp2
csn_sc62026tcqlp,NLL.20260929182622.877338.34057,Pick/20260929182559.87679.34046,C1,AP02,,HHZ,P,2026-09-29 18:22:48,949874,0.0,-0.9893975766920917,338.8887693422882,3.609977647543317,False,0.0,,3.40971559390829,4.004522089144,MLv,Si,-0.3080937268715376,aprobado,-18.853959,-69.143334,4334.0,Surire,,seiscomp2
csn_sc62026tcqlp,NLL.20260929182622.877338.34057,Pick/20260929182559.876828.34047,C1,AP02,,HHN,S,2026-09-29 18:23:33,743133,0.0,-2.147315228059284,338.8887693422882,3.609977647543317,False,0.0,,,,,No,,sin_evaluar,-18.853959,-69.143334,4334.0,Surire,,seiscomp2
csn_sc62026tcqlp,NLL.20260929182622.877338.34057,Pick/20260929182559.876523.34040,CX,HMBCX,,HHN,S,2026-09-29 18:23:12,473465,0.0,-0.7607270810866282,314.3589875671525,2.781304796949482,True,0.7642862403786509,,,,,No,,sin_evaluar,-20.27822,-69.88791,1152.0,Plate Boundary Station Plate Boundary Station HMBCX, Chile,seiscomp2
csn_sc62026tcqlp,NLL.20260929182622.877338.34057,Pick/20260929182559.876485.34039,CX,HMBCX,,HHZ,P,2026-09-29 18:22:36,906614,0.0,-0.4610376706862382,314.3589875671525,2.781304796949482,True,0.9190923872426436,positive,5.018653635280949,6.706352430928828,MLv,Si,2.3937366149132897,aprobado,-20.27822,-69.88791,1152.0,Plate Boundary Station Plate Boundary Station HMBCX, Chile,seiscomp2
csn_sc62026tcqlp,NLL.20260929182622.877338.34057,Pick/20260929182559.876321.34035,CX,PATCX,,HHZ,P,2026-09-29 18:22:35,959963,0.0,0.007648529264933757,302.1671542559227,2.6341928115303967,True,1.0912190945705296,,14.36839944346349,6.652803060867105,MLv,Si,2.340187244851567,aprobado,-20.82071,-70.15288,832.0,Plate Boundary Station PATCX, Chile,seiscomp2
csn_sc62026tcqlp,NLL.20260929182622.877338.34057,Pick/20260929182559.876361.34036,CX,PATCX,,HHN,S,2026-09-29 18:23:10,266806,0.0,-0.09035106790302905,302.1671542559227,2.6341928115303967,True,1.0633245716542163,,,,,No,,sin_evaluar,-20.82071,-70.15288,832.0,Plate Boundary Station PATCX, Chile,seiscomp2
csn_sc62026tcqlp,NLL.20260929182622.877338.34057,Pick/20260929182559.876063.34029,CX,PB03,,HHN,S,2026-09-29 18:22:55,826284,0.0,0.7920393495774363,275.44199053215715,1.851136950702681,True,0.8974563530283721,,,,,No,,sin_evaluar,-22.04847,-69.7531,1460.0,Plate Boundary Station Plate Boundary Station PB03, Chile,seiscomp2
csn_sc62026tcqlp,NLL.20260929182622.877338.34057,Pick/20260929182559.876024.34028,CX,PB03,,HHZ,P,2026-09-29 18:22:27,421674,0.0,0.1578556093430592,275.44199053215715,1.851136950702681,True,1.0381651649695987,positive,19.814048534354747,4.512403618080481,MLv,Si,0.19978780206494307,aprobado,-22.04847,-69.7531,1460.0,Plate Boundary Station Plate Boundary Station PB03, Chile,seiscomp2
csn_sc62026tcqlp,NLL.20260929182622.877338.34057,Pick/20260929182559.875777.34022,CX,PB06,,HHZ,P,2026-09-29 18:22:26,81673,0.0,0.03036857931376602,253.90511496058446,1.736033630792185,True,1.0730260743219429,,16.64927763825606,3.779067846366777,MLv,Si,-0.5335479696487608,aprobado,-22.7058,-69.57188,1440.0,Plate Boundary Station Plate Boundary Station PB06, Chile,seiscomp2
csn_sc62026tcqlp,NLL.20260929182622.877338.34057,Pick/20260929182559.875819.34023,CX,PB06,,HHN,S,2026-09-29 18:22:53,76222,0.0,-0.04296736428975123,253.90511496058446,1.736033630792185,True,1.1187137485765417,,,,,No,,sin_evaluar,-22.7058,-69.57188,1440.0,Plate Boundary Station Plate Boundary Station PB06, Chile,seiscomp2
csn_sc62026tcqlp,NLL.20260929182622.877338.34057,Pick/20260929182559.875726.34021,CX,PB09,,HHN,S,2026-09-29 18:22:47,864233,0.0,-0.7623869504713952,287.3166472505244,1.4363556960607498,True,0.9032981338220918,,,,,No,,sin_evaluar,-21.79638,-69.24192,1530.0,Plate Boundary Station Plate Boundary Station PB09, Chile,seiscomp2
csn_sc62026tcqlp,NLL.20260929182622.877338.34057,Pick/20260929182559.875555.34020,CX,PB09,,HHZ,P,2026-09-29 18:22:23,856634,0.0,0.14979378072978022,287.3166472505244,1.4363556960607498,True,1.0989878666910062,positive,14.617986374800992,4.020948459980903,MLv,Si,-0.291667356034635,aprobado,-21.79638,-69.24192,1530.0,Plate Boundary Station Plate Boundary Station PB09, Chile,seiscomp2
csn_sc62026tcqlp,NLL.20260929182622.877338.34057,Pick/20260929182559.876745.34045,CX,PB10,,HHN,S,2026-09-29 18:23:13,877332,0.0,-0.870582879426479,243.2833688424864,2.86528263053985,False,0.0,,,,,No,,sin_evaluar,-23.51343,-70.55408,250.0,Plate Boundary Station Plate Boundary Station PB10, Chile,seiscomp2
csn_sc62026tcqlp,NLL.20260929182622.877338.34057,Pick/20260929182559.876705.34044,CX,PB10,,HHZ,P,2026-09-29 18:22:38,503310,0.0,-0.26328634011982643,243.2833688424864,2.86528263053985,True,1.1256646043892857,,15.308892441998754,4.006102419226147,MLv,Si,-0.3065133967893905,aprobado,-23.51343,-70.55408,250.0,Plate Boundary Station Plate Boundary Station PB10, Chile,seiscomp2
csn_sc62026tcqlp,NLL.20260929182622.877338.34057,Pick/20260929182559.875943.34026,CX,PB15,,HHZ,P,2026-09-29 18:22:27,211660,0.0,-0.25426612527607517,237.9384417391246,1.8525686689507554,True,1.0942709418985357,positive,23.77537283640193,4.590991614748273,MLv,Si,0.27837579873273466,aprobado,-23.208335,-69.47092,1830.0,Plate Boundary Station PB15, Chile,seiscomp2
csn_sc62026tcqlp,NLL.20260929182622.877338.34057,Pick/20260929182559.875982.34027,CX,PB15,,HHN,S,2026-09-29 18:22:55,633753,0.0,-0.14007704446552793,237.9384417391246,1.8525686689507554,True,1.1254405220268229,,,,,No,,sin_evaluar,-23.208335,-69.47092,1830.0,Plate Boundary Station PB15, Chile,seiscomp2
csn_sc62026tcqlp,NLL.20260929182622.877338.34057,Pick/20260929182559.876613.34042,CX,PB23,,HHN,S,2026-09-29 18:23:18,459478,0.0,0.06577279684306347,324.67067254782427,3.0450009029220886,True,1.0824021812128477,,,,,No,,sin_evaluar,-19.739473,-69.638034,1427.0,Plate Boundary Station Plate Boundary Station PB11, Chile,seiscomp2
csn_sc62026tcqlp,NLL.20260929182622.877338.34057,Pick/20260929182559.876573.34041,CX,PB23,,HHZ,P,2026-09-29 18:22:40,206639,0.0,0.033714068815719145,324.67067254782427,3.0450009029220886,True,1.0969629446533113,,7.689819003503451,4.548429030856253,MLv,Si,0.23581321484071527,aprobado,-19.739473,-69.638034,1427.0,Plate Boundary Station Plate Boundary Station PB11, Chile,seiscomp2
csn_sc62026tcqlp,NLL.20260929182622.877338.34057,Pick/20260929182559.876238.34033,CX,PX03,,HLZ,P,2026-09-29 18:22:33,968716,0.0,-0.31386229226826856,316.1707324486432,2.5219283876971863,True,0.9660671313507447,,11.17854149128208,4.573179469659872,MLv,Si,0.26056365364433454,aprobado,-20.40348,-69.63087,990.0,IPOC Station El Huarango, Chile,seiscomp2
csn_sc62026tcqlp,NLL.20260929182622.877338.34057,Pick/20260929182559.876278.34034,CX,PX03,,HLN,S,2026-09-29 18:23:07,807653,0.0,-0.19138151223896216,316.1707324486432,2.5219283876971863,True,0.9687261344061604,,,,,No,,sin_evaluar,-20.40348,-69.63087,990.0,IPOC Station El Huarango, Chile,seiscomp2
csn_sc62026tcqlp,NLL.20260929182622.877338.34057,20260929.182240.66-AIC-C1.T06A.03.HNZ,C1,T06A,03,HNZ,P,2026-09-29 18:22:40,665000,0.0,0.8732290285325135,312.08748438485486,2.9964599749879675,False,0.0,,5.893887586053011,4.277195581792946,MLv,Si,-0.03542023422259177,aprobado,-20.214252,-70.137863,73.0,038 Hospital Dr. Ernesto Torres Galdames de Iquique,,seiscomp2
csn_sc62026tcqlp,NLL.20260929182622.877338.34057,Pick/20260929182559.876402.34037,C1,T07A,03,HNZ,P,2026-09-29 18:22:36,530411,0.0,-0.2286637571120167,316.0853518807992,2.7297557264271886,True,0.98037854112338,,5.451975719702283,4.521479377988782,MLv,Si,0.20886356197324396,aprobado,-20.25626,-69.785973,1072.0,037 2da Comisaria Pozo Almonte,,seiscomp2
csn_sc62026tcqlp,NLL.20260929182622.877338.34057,Pick/20260929182559.876441.34038,C1,T07A,03,HNN,S,2026-09-29 18:23:12,435650,0.0,0.23675886862039874,316.0853518807992,2.7297557264271886,True,0.9597015108182035,,,,,No,,sin_evaluar,-20.25626,-69.785973,1072.0,037 2da Comisaria Pozo Almonte,,seiscomp2
csn_sc62026tcqlp,NLL.20260929182622.877338.34057,20260929.182245.08-AIC-C1.T09A.02.HNZ,C1,T09A,02,HNZ,P,2026-09-29 18:22:45,85000,0.0,-0.1301413327956098,318.7879349302431,3.491368980551772,False,0.0,,6.965141711529795,4.369323025780078,MLv,Si,0.05670720976454025,aprobado,-19.595732,-70.210831,47.0,022 Reten Pisagua,,seiscomp2
csn_sc62026tcqlp,NLL.20260929182622.877338.34057,20260929.182239.49-AIC-C1.T14A.03.HNZ,C1,T14A,03,HNZ,P,2026-09-29 18:22:39,495000,0.0,0.4411326235032149,311.0643641357947,2.935303033337356,False,0.0,,6.554898195430799,4.320110514258436,MLv,Si,0.007494698242898501,aprobado,-20.294514,-70.127655,68.0,039 Instituto del Mar,,seiscomp2
csn_sc62026tcqlp,NLL.20260929182622.877338.34057,20260929.182237.76-AIC-C1.T16A.02.HNZ,C1,T16A,02,HNZ,P,2026-09-29 18:22:37,765000,0.0,-0.016780279328813208,306.7253560694961,2.8150619398150436,False,0.0,,3.794800202993019,4.139156484475453,MLv,Si,-0.17345933154008453,aprobado,-20.539568,-70.177177,91.0,027 Aeropuerto Diego Aracena,,seiscomp2
csn_sc62026tcqlp,NLL.20260929182622.877338.34057,20260929.182240.46-AIC-C1.T24A.02.HNZ,C1,T24A,02,HNZ,P,2026-09-29 18:22:40,465000,0.0,1.204822351286424,311.37063247008035,2.9537126319298066,False,0.0,,3.39231324676607,4.368380467127685,MLv,Si,0.05576465111214723,aprobado,-20.270526,-70.131035,23.0,024 Universidad Arturo Prat Campus Huayquique,,seiscomp2
csn_sc62026tcqlp,NLL.20260929182622.877338.34057,Pick/20260929182559.876659.34043,C1,TA02,,HHN,S,2026-09-29 18:23:16,328081,0.0,-0.05580817239521707,311.3694200758531,2.953822912886608,True,1.0051939291010312,,,,,No,,sin_evaluar,-20.270526,-70.131035,22.3,Huaiquique,,seiscomp2
csn_sc62026tcqlp,NLL.20260929182622.877338.34057,20260929.182240.48-AIC-C1.TA02..HHZ,C1,TA02,,HHZ,P,2026-09-29 18:22:40,480000,0.0,1.205391351530558,311.3694200758531,2.953822912886608,False,0.0,,6.31335484903749,4.3647622598462235,MLv,Si,0.05214644383068556,aprobado,-20.270526,-70.131035,22.3,Huaiquique,,seiscomp2
csn_sc62026tcqlp,NLL.20260929182622.877338.34057,Pick/20260929182559.876105.34030,C1,TA03,,HHZ,P,2026-09-29 18:22:30,669079,0.0,0.7726414736008707,313.7878637937435,2.1133414289158705,True,0.8698595996918529,positive,2.8609743917579786,4.518392139740091,MLv,Si,0.20577632372455312,aprobado,-20.7613,-69.3973,1146.0,Pintados,,seiscomp2
csn_sc62026tcqlp,NLL.20260929182622.877338.34057,Pick/20260929182559.876144.34031,C1,TA03,,HHN,S,2026-09-29 18:23:00,869609,0.0,0.68451466696024,313.7878637937435,2.1133414289158705,True,0.9033707394628965,,,,,No,,sin_evaluar,-20.7613,-69.3973,1146.0,Pintados,,seiscomp2
